{"RuleTriggered": 0, "Violations": 0, "Details": {"pin_memory": false, "num_workers": 0, "cores": 4, "dataloaders": 1, "dataloading_time": {"p25": 0.8367180000000001, "p50": 0.882768, "p95": 0.9656579999999999, "probs": [1, 0, 0, 0, 0, 0, 0, 0, 0, 0, 0, 0, 0, 0, 0, 0, 0, 0, 0, 0, 0, 0, 0, 0, 0, 0, 0, 0, 0, 0, 0, 0, 0, 0, 0, 0, 0, 0, 0, 0, 0, 0, 0, 0, 0, 0, 0, 0, 0, 0, 0, 0, 0, 0, 0, 0, 0, 0, 0, 0, 0, 0, 0, 0, 0, 0, 0, 0, 0, 0, 0, 0, 0, 0, 0, 0, 0, 0, 0, 0, 0, 0, 0, 0, 0, 0, 0, 0, 0, 0, 0, 0, 0, 0, 0, 0, 0, 0, 0, 1], "binedges": [0.790668, 0.79251, 0.7943520000000001, 0.7961940000000001, 0.7980360000000001, 0.7998780000000001, 0.80172, 0.803562, 0.805404, 0.807246, 0.809088, 0.81093, 0.812772, 0.8146140000000001, 0.8164560000000001, 0.818298, 0.82014, 0.821982, 0.823824, 0.825666, 0.827508, 0.82935, 0.831192, 0.833034, 0.8348760000000001, 0.8367180000000001, 0.83856, 0.840402, 0.842244, 0.844086, 0.845928, 0.84777, 0.849612, 0.851454, 0.853296, 0.855138, 0.85698, 0.858822, 0.860664, 0.862506, 0.864348, 0.86619, 0.868032, 0.869874, 0.871716, 0.8735580000000001, 0.8754, 0.877242, 0.879084, 0.880926, 0.882768, 0.88461, 0.886452, 0.888294, 0.890136, 0.8919779999999999, 0.89382, 0.895662, 0.897504, 0.899346, 0.901188, 0.90303, 0.904872, 0.906714, 0.908556, 0.910398, 0.9122399999999999, 0.914082, 0.915924, 0.917766, 0.919608, 0.92145, 0.923292, 0.925134, 0.926976, 0.9288179999999999, 0.93066, 0.9325019999999999, 0.934344, 0.936186, 0.938028, 0.93987, 0.941712, 0.943554, 0.945396, 0.947238, 0.9490799999999999, 0.9509219999999999, 0.9527639999999999, 0.954606, 0.956448, 0.95829, 0.960132, 0.961974, 0.963816, 0.9656579999999999, 0.9675, 0.9693419999999999, 0.9711839999999999, 0.973026, 0.974868]}}, "Datapoints": 2, "RuleParameters": "min_threshold:70\nmax_threshold:200"}