{"RuleTriggered": 996, "Violations": 996, "Details": {"algo-1": {"gpu0": {"increase": 11.544444444444446, "gpu_max": 82.0, "p05": 0.0, "p25": 0.0, "p50": 0.0, "p75": 34.0, "p95": 76.0, "upper": 82.0, "lower": 0.0}}, "last_timestamp": 1684210500000000, "algo-2": {"gpu0": {"increase": 5.244444444444444, "gpu_max": 82.0, "p05": 0.0, "p25": 0.0, "p50": 0.0, "p75": 31.0, "p95": 75.0, "upper": 77.5, "lower": 0.0}}}, "Datapoints": 4287, "RuleParameters": "increase:5\npatience:1000\nwindow:10"}