{"RuleTriggered": 0, "Violations": 72, "Details": {"low_gpu_utilization": 5520, "bottlenecks": {"1684208417.500277": {"GPUs": 1, "CPUs": 1}, "1684208420.500278": {"GPUs": 1, "CPUs": 1}, "1684208458.500274": {"GPUs": 1, "CPUs": 1}, "1684208462.50028": {"GPUs": 1, "CPUs": 1}, "1684208465.500311": {"GPUs": 1, "CPUs": 1}, "1684208467.000301": {"GPUs": 1, "CPUs": 1}, "1684208501.000296": {"GPUs": 1, "CPUs": 1}, "1684208507.000302": {"GPUs": 1, "CPUs": 1}, "1684208494.500257": {"GPUs": 1, "CPUs": 1}, "1684208497.500281": {"GPUs": 1, "CPUs": 1}, "1684208500.500287": {"GPUs": 1, "CPUs": 1}, "1684208501.500291": {"GPUs": 1, "CPUs": 1}, "1684208634.000287": {"GPUs": 1, "CPUs": 1}, "1684208641.00029": {"GPUs": 1, "CPUs": 1}, "1684208641.500289": {"GPUs": 1, "CPUs": 1}, "1684208642.000297": {"GPUs": 1, "CPUs": 1}, "1684208644.000292": {"GPUs": 1, "CPUs": 1}, "1684208644.500284": {"GPUs": 1, "CPUs": 1}, "1684208654.000279": {"GPUs": 1, "CPUs": 1}, "1684208657.000296": {"GPUs": 1, "CPUs": 1}, "1684208669.5003": {"GPUs": 1, "CPUs": 1}, "1684208670.000284": {"GPUs": 1, "CPUs": 1}, "1684208670.500281": {"GPUs": 1, "CPUs": 1}, "1684208671.000286": {"GPUs": 1, "CPUs": 1}, "1684208641.000262": {"GPUs": 1, "CPUs": 1}, "1684208641.500262": {"GPUs": 1, "CPUs": 1}, "1684208642.500275": {"GPUs": 1, "CPUs": 1}, "1684208644.001045": {"GPUs": 1, "CPUs": 1}, "1684208644.500265": {"GPUs": 1, "CPUs": 1}, "1684208656.500284": {"GPUs": 1, "CPUs": 1}, "1684208659.500267": {"GPUs": 1, "CPUs": 1}, "1684208660.000278": {"GPUs": 1, "CPUs": 1}, "1684208669.000348": {"GPUs": 1, "CPUs": 1}, "1684208669.500282": {"GPUs": 1, "CPUs": 1}, "1684208670.500271": {"GPUs": 1, "CPUs": 1}, "1684208671.00026": {"GPUs": 1, "CPUs": 2}, "1684209076.500277": {"GPUs": 1, "CPUs": 1}, "1684209083.000268": {"GPUs": 1, "CPUs": 1}, "1684209083.500308": {"GPUs": 1, "CPUs": 1}, "1684209084.000286": {"GPUs": 1, "CPUs": 1}, "1684209474.000307": {"GPUs": 1, "CPUs": 1}, "1684209474.500298": {"GPUs": 1, "CPUs": 1}, "1684209475.000278": {"GPUs": 1, "CPUs": 1}, "1684209475.500289": {"GPUs": 2, "CPUs": 1}, "1684209490.500276": {"GPUs": 1, "CPUs": 1}, "1684209491.000289": {"GPUs": 1, "CPUs": 1}, "1684209491.500292": {"GPUs": 1, "CPUs": 1}, "1684209492.500943": {"GPUs": 1, "CPUs": 1}, "1684209493.000285": {"GPUs": 1, "CPUs": 1}, "1684209871.50027": {"GPUs": 1, "CPUs": 1}, "1684209872.000292": {"GPUs": 1, "CPUs": 1}, "1684209872.500398": {"GPUs": 1, "CPUs": 1}, "1684209903.500277": {"GPUs": 1, "CPUs": 1}, "1684210269.500298": {"GPUs": 1, "CPUs": 1}, "1684210271.500302": {"GPUs": 1, "CPUs": 1}, "1684210272.500358": {"GPUs": 1, "CPUs": 1}, "1684210273.000297": {"GPUs": 1, "CPUs": 1}, "1684210306.500294": {"GPUs": 1, "CPUs": 1}, "1684210307.000288": {"GPUs": 1, "CPUs": 1}, "1684210307.500291": {"GPUs": 1, "CPUs": 1}, "1684210308.000334": {"GPUs": 1, "CPUs": 1}, "1684210308.50029": {"GPUs": 1, "CPUs": 1}, "1684210309.000295": {"GPUs": 1, "CPUs": 1}, "1684210309.500272": {"GPUs": 1, "CPUs": 1}, "1684210310.500282": {"GPUs": 1, "CPUs": 1}, "1684210431.000314": {"GPUs": 1, "CPUs": 1}, "1684210431.500248": {"GPUs": 1, "CPUs": 1}, "1684210432.000287": {"GPUs": 1, "CPUs": 1}, "1684210432.500271": {"GPUs": 1, "CPUs": 1}, "1684210433.000383": {"GPUs": 1, "CPUs": 1}, "1684210433.500273": {"GPUs": 1, "CPUs": 1}, "1684210447.000256": {"GPUs": 1, "CPUs": 1}}}, "Datapoints": 8576, "RuleParameters": "threshold:50\nio_threshold:50\ngpu_threshold:10\npatience:1000"}