{"RuleTriggered": 56, "Violations": 56, "Details": {"algo-1": {"gpu0": {"gpu_max": 89.0, "gpu_95": 80.0, "gpu_5": 0.0, "p25": 0.0, "p50": 0.0, "p75": 36.0, "p95": 81.0, "upper": 89.0, "lower": 0.0}}, "last_timestamp": 1684210500000000, "algo-2": {"gpu0": {"gpu_max": 90.0, "gpu_95": 65.04999999999995, "gpu_5": 0.0, "p25": 0.0, "p50": 0.0, "p75": 29.0, "p95": 79.69999999999982, "upper": 72.5, "lower": 0.0}}}, "Datapoints": 4287, "RuleParameters": "threshold_p95:70\nthreshold_p5:10\nwindow:500\npatience:1000"}