{"RuleTriggered": 0, "Violations": 0, "Details": {"ratio": {"gpu_functions-dev:0": 50.214957425568144, "cpu_functions": 49.785042574431856}, "phase": {"Step:ModeKeys.TRAIN": 25.22750311777126, "others": 73.78883597334365, "Step:ModeKeys.EVAL": 0.9836609088850818}, "phase_time": {}, "CPU": {"aten::conv2d": 20.904863194177842, "aten::convolution": 20.901079075932575, "aten::_convolution": 20.898865064298487, "aten::cudnn_convolution": 20.895730228153568, "aten::to": 4.8562133870596575, "aten::copy_": 4.867428626320851, "aten::linear": 3.338049343907159, "aten::addmm": 3.337771080149869}, "CPU_total": {"aten::conv2d": 15551097, "aten::convolution": 15548282, "aten::_convolution": 15546635, "aten::cudnn_convolution": 15544303, "aten::to": 3612530, "aten::copy_": 3620873, "aten::linear": 2483170, "aten::addmm": 2482963}, "GPU": {"aten::conv2d": 20.997038650687777, "aten::convolution": 20.99507917518252, "aten::_convolution": 20.993777762440807, "aten::cudnn_convolution": 20.9914103415232, "aten::to": 4.682778637918418, "aten::copy_": 4.697472697918895, "aten::linear": 3.3213551197583935, "aten::addmm": 3.3210876145699633}, "GPU_total": {"aten::conv2d": 15698416, "aten::convolution": 15696951, "aten::_convolution": 15695978, "aten::cudnn_convolution": 15694208, "aten::to": 3501075, "aten::copy_": 3512061, "aten::linear": 2483208, "aten::addmm": 2483008}, "general": {"DataLoaderIterInitialize": 0.0034419249556460114, "DataLoaderIter": 0.7126588974424108, "Forward": 99.28389917760194}}, "Datapoints": 0, "RuleParameters": ""}