{"RuleTriggered": 0, "Violations": 0, "Details": {"step_details": {"algo-2-27": {"step_stats": {"mean": 0.05595854876341578, "max": 18.59355, "p99": 0.03344629999999999, "p95": 0.027338, "p50": 0.024384, "min": 0.017047}, "number_of_outliers": 7, "phase": "Step:ModeKeys.TRAIN", "stddev": 0.6, "probs": [4, 2, 1, 2, 1, 1, 2, 1, 0, 1, 0, 0, 1, 0, 1, 0, 5, 39, 50, 23, 10, 7, 6, 4, 14, 7, 11, 9, 66, 202, 318, 250, 178, 135, 72, 63, 48, 58, 44, 62, 105, 120, 61, 34, 14, 9, 8, 7, 3, 2, 4, 2, 2, 3, 4, 2, 3, 2, 5, 4, 4, 3, 2, 0, 5, 2, 0, 1, 6, 1, 3, 2, 3, 1, 3, 1, 0, 0, 0, 1, 0, 0, 0, 0, 1, 1, 1, 0, 1, 1, 0, 0, 0, 0, 0, 0, 0, 0, 0, 1], "binedges": [0.017047, 0.01727529, 0.01750358, 0.01773187, 0.01796016, 0.01818845, 0.01841674, 0.01864503, 0.01887332, 0.019101609999999998, 0.0193299, 0.01955819, 0.01978648, 0.02001477, 0.02024306, 0.02047135, 0.02069964, 0.02092793, 0.02115622, 0.02138451, 0.0216128, 0.02184109, 0.02206938, 0.02229767, 0.02252596, 0.02275425, 0.02298254, 0.023210830000000002, 0.02343912, 0.02366741, 0.0238957, 0.02412399, 0.02435228, 0.02458057, 0.024808860000000002, 0.02503715, 0.02526544, 0.02549373, 0.025722019999999998, 0.02595031, 0.0261786, 0.026406890000000002, 0.02663518, 0.02686347, 0.02709176, 0.02732005, 0.02754834, 0.02777663, 0.028004920000000003, 0.02823321, 0.0284615, 0.02868979, 0.02891808, 0.02914637, 0.02937466, 0.029602950000000003, 0.029831240000000002, 0.03005953, 0.03028782, 0.03051611, 0.0307444, 0.03097269, 0.031200980000000003, 0.03142927, 0.03165756, 0.03188585, 0.03211414, 0.032342430000000005, 0.03257072, 0.03279901, 0.0330273, 0.03325559, 0.03348388, 0.03371217, 0.033940460000000006, 0.03416875, 0.034397040000000004, 0.03462533, 0.03485362, 0.03508191, 0.0353102, 0.035538490000000006, 0.03576678, 0.035995070000000004, 0.03622336, 0.03645165, 0.03667994, 0.03690823, 0.037136520000000006, 0.03736481, 0.037593100000000004, 0.03782139, 0.03804968, 0.03827797, 0.03850626, 0.038734550000000006, 0.03896284, 0.039191130000000005, 0.039419420000000004, 0.03964771, 0.039876], "step_numbers": ["0", "1", "500", "1000", "1500", "1500", "2000"]}, "algo-1-27": {"step_stats": {"mean": 0.04945399873096447, "max": 18.557441, "p99": 0.03385229, "p95": 0.028966899999999997, "p50": 0.0244885, "min": 0.017096}, "number_of_outliers": 6, "phase": "Step:ModeKeys.TRAIN", "stddev": 0.54, "probs": [4, 5, 0, 1, 0, 2, 0, 3, 3, 1, 44, 80, 34, 4, 18, 7, 8, 178, 593, 388, 130, 108, 89, 77, 185, 169, 61, 22, 7, 13, 11, 7, 10, 14, 13, 9, 7, 8, 8, 2, 1, 2, 5, 11, 1, 2, 3, 1, 2, 0, 1, 1, 1, 0, 0, 2, 0, 0, 0, 1, 0, 0, 0, 0, 0, 0, 0, 0, 0, 0, 0, 0, 0, 0, 0, 0, 0, 0, 0, 0, 0, 0, 0, 0, 0, 0, 0, 0, 0, 0, 0, 0, 0, 0, 0, 0, 0, 0, 0, 1], "binedges": [0.017096, 0.01747769, 0.01785938, 0.01824107, 0.01862276, 0.01900445, 0.01938614, 0.01976783, 0.02014952, 0.02053121, 0.0209129, 0.021294590000000002, 0.02167628, 0.02205797, 0.02243966, 0.02282135, 0.02320304, 0.023584729999999998, 0.023966420000000002, 0.02434811, 0.0247298, 0.02511149, 0.02549318, 0.02587487, 0.026256559999999998, 0.026638250000000002, 0.02701994, 0.02740163, 0.02778332, 0.02816501, 0.0285467, 0.02892839, 0.029310080000000002, 0.02969177, 0.03007346, 0.03045515, 0.03083684, 0.03121853, 0.03160022, 0.03198191, 0.0323636, 0.032745289999999996, 0.03312698, 0.033508670000000004, 0.03389036, 0.03427205, 0.03465374, 0.03503543, 0.035417119999999996, 0.03579881, 0.036180500000000004, 0.03656219, 0.03694388, 0.03732557, 0.03770726, 0.038088949999999996, 0.03847064, 0.038852330000000004, 0.03923402, 0.03961571, 0.0399974, 0.04037909, 0.040760779999999996, 0.04114247, 0.041524160000000004, 0.04190585, 0.04228754, 0.04266923, 0.04305092, 0.043432609999999996, 0.0438143, 0.044195990000000004, 0.04457768, 0.04495937, 0.04534106, 0.04572275, 0.04610444, 0.04648613, 0.046867820000000004, 0.04724951, 0.0476312, 0.04801289, 0.04839458, 0.048776270000000004, 0.04915796, 0.049539650000000005, 0.04992134, 0.05030303, 0.05068472, 0.05106641, 0.051448100000000004, 0.05182979, 0.052211480000000005, 0.05259317, 0.05297486, 0.05335655, 0.05373824, 0.054119930000000004, 0.05450162, 0.054883310000000005, 0.055265], "step_numbers": ["0", "1", "500", "1000", "1500", "2000"]}}}, "Datapoints": 4521, "RuleParameters": "threshold:3\nmode:None\nn_outliers:10\nstddev:3"}